post,01,02,03,04,05,06,07,08,09
10000,105.4,77.625,12.25,0.8829787234042553,7.0,31.40506329113924,48.15151515151515,69.33333333333333,29.11111111111111
10001,198.63562753036436,261.98805256869775,143.76455368693402,59.20220588235294,58.224113475177305,56.977514792899406,49.52229845626072,51.832797427652736,19.63839811542992
10002,156.35905044510386,156.74380165289256,149.2624,90.84332191780823,56.074366197183096,63.10356454720617,74.5642965204236,56.208307880268784,23.09908256880734
10003,177.88582995951418,191.25449385052033,208.2783203125,82.0,60.47822057460612,88.15203021718602,117.77234401349072,80.60515713134569,31.71124889282551
10004,59.607142857142854,117.92045454545455,176.05309734513276,143.873417721519,35.8936170212766,55.828402366863905,100.82035928143712,84.13125,40.733870967741936
10005,62.30309734513274,86.94533762057878,215.64028776978418,36.4390243902439,90.11818181818182,70.32,82.504,59.04964539007092,23.07207207207207
10006,131.61797752808988,113.81428571428572,267.55172413793105,59.325581395348834,64.65151515151516,90.2375,94.90566037735849,66.89247311827957,33.84507042253521
10007,116.91820580474933,124.04835164835166,93.31506849315069,96.41358024691358,44.71808510638298,126.69491525423729,99.62285714285714,80.7292817679558,35.06111111111111
10009,141.3085210577865,125.54212091179386,190.64976228209193,53.75743555849306,35.194109772423026,48.9032992036405,89.97245901639344,54.70567164179104,21.52836304700162
10010,279.48303393213575,203.35714285714286,94.35363790186125,62.70614035087719,73.2486678507993,56.366609294320135,142.86036036036037,60.68041237113402,31.18104906937394
10011,187.21436343852014,209.66436464088397,183.95890410958904,86.7018927444795,81.64302059496568,106.03656307129799,119.87103825136612,67.13913043478261,30.702839756592294
10012,178.02010050251258,173.4983388704319,246.28033472803347,64.71944444444445,112.90955631399318,86.59171597633136,169.13539967373572,83.03012912482066,29.848484848484848
10013,135.9698275862069,123.76371951219512,170.99059561128527,90.07673267326733,42.09747899159664,91.24719101123596,84.62014563106796,66.84495021337126,29.723538704581358
10014,180.41735537190084,132.30275229357798,287.6544240400668,84.13783783783784,57.34167893961708,98.39052132701421,159.58139534883722,68.09001233045623,33.0496644295302
10016,127.50596877869606,189.51099384344766,145.625,87.3840877914952,57.81135902636917,114.43636363636364,111.72718154463391,137.3866432337434,64.48414179104478
10017,306.82585751978894,314.8505434782609,292.6390977443609,67.03319502074689,42.66556291390729,76.4421052631579,107.08461538461539,93.87788778877888,25.704761904761906
10018,193.03529411764706,325.428093645485,276.2930402930403,50.82843137254902,63.551587301587304,52.77325581395349,94.43498817966903,51.21082089552239,12.928721174004194
10019,149.4318600368324,176.84715284715284,180.006628003314,70.4207650273224,42.11981205951449,74.81895093062606,101.4647201946472,46.97557251908397,18.81496062992126
10020,403.57142857142856,148.6,210.72,0.0,3.0,68.92857142857143,126.71428571428571,10.625,9.0
10021,154.4771573604061,167.12333333333333,280.8338192419825,124.51612903225806,124.94658119658119,134.668358714044,189.3943661971831,88.35114503816794,48.71760797342193
10022,179.84313725490196,232.81690140845072,183.98920086393088,141.25838926174498,99.81059063136456,99.8876811594203,119.64488017429194,89.17564870259481,31.782722513089006
10023,148.78445229681978,138.66285714285715,171.4891008174387,88.58558558558559,42.44916344916345,70.86926605504587,106.87322404371585,60.461704422869474,21.417355371900825
10024,136.20815450643778,162.09855453350855,205.2469512195122,123.46166394779772,78.76806526806527,104.76972010178118,77.69171270718232,65.7651858567543,26.917582417582416
10025,134.27931596091204,185.55595667870037,215.48238897396632,130.76736672051697,64.81203473945409,83.72460391425909,99.83494519664733,65.27989657401422,25.193612774451097
10026,136.01210653753026,114.67058823529412,186.3695652173913,109.98560354374308,89.69759450171821,43.44749667700487,67.48250460405157,47.094816687737044,12.043781725888325
10027,129.32921810699588,125.40142095914743,223.02100161550888,115.61102603369066,68.90521592821088,82.94622684139178,91.90569948186528,65.63368848300355,24.026637868970482
10028,128.08867924528303,135.23829787234044,181.39277652370203,65.19897084048027,60.26882966396292,90.94389438943894,154.57856272838004,68.75063938618926,22.58858858858859
10029,106.75816416593116,138.2358926919519,161.77814297452753,127.55098934550989,93.97335508428493,50.48116492560937,87.9423076923077,50.95846817691478,19.58974358974359
10030,132.37658674188998,90.19071310116087,362.8095952023988,124.83612903225807,126.80863591756624,59.652882205513784,120.68937875751503,72.2,33.34160583941606
10031,96.27985865724382,102.14868105515588,260.20794078061914,156.97967722653914,75.78152969894224,68.48521470815119,67.70922593544701,58.2438149874507,17.258128469468677
10032,134.98736842105262,185.92934782608697,207.78265830005705,151.80638586956522,84.33728536385937,51.39841575679726,40.9170495150587,35.55470660146699,18.24464692482916
10033,132.77584905660376,146.804537521815,247.96887159533074,195.98288508557457,80.83154761904763,58.202977487291214,53.80395320693828,41.07117794486216,16.204238921001927
10034,136.5404007756949,113.52536231884058,248.1843853820598,100.56694091249065,41.541726105563484,28.51880401775286,39.91378848728246,20.64860532221866,7.079816130380276
10035,124.71388888888889,162.5734597156398,251.66323907455012,183.6760895170789,104.63391136801542,66.82132564841498,113.72762345679013,63.25232919254658,28.823741007194243
10036,232.54597701149424,243.31382978723406,225.21167883211677,97.45243128964059,50.964669738863286,79.71255060728745,114.78206724782068,55.005405405405405,23.730829420970267
10037,108.27794561933534,174.8288590604027,266.84501061571126,65.5916870415648,74.58832335329342,67.397,95.33869115958669,74.1195652173913,11.422451994091581
10038,79.23606557377049,71.36411149825784,96.65693430656934,69.31304347826087,28.73872180451128,80.48538011695906,79.49304174950298,81.79123711340206,31.17153284671533
10039,128.609756097561,145.2055267702936,205.1469329529244,145.29715061058346,102.80623608017818,82.74883720930232,116.36341161928307,63.60654112983152,17.265873015873016
10040,119.75970619097586,106.59811122770199,187.92725819344525,121.56768189509306,37.78693181818182,21.048299655002463,40.95195530726257,31.596200485044463,12.916777629826898
10041,254.0,0.0,24.0,0.0,,63.142857142857146,14.666666666666666,24.5,13.666666666666666
10044,103.29411764705883,21.285714285714285,388.5,108.38,14.818181818181818,44.340425531914896,263.0,67.33333333333333,90.08333333333333
10045,47.0,144.5,,0.0,-3.3333333333333335,,,922.0,4.5
10048,,,,,,,,24.0,-5.0
10055,,166.0,,,,,,,218.0
10065,185.99728997289972,196.28571428571428,183.9003436426117,56.27491408934708,65.30294117647058,76.6920731707317,126.8544474393531,84.00261096605745,31.63949843260188
10069,135.38095238095238,92.04166666666667,174.5,129.56,42.233333333333334,44.233333333333334,66.90697674418605,27.285714285714285,10.428571428571429
10075,151.4548736462094,128.91166077738515,360.8921568627451,288.2419928825623,142.48930481283423,169.26216216216216,198.06703910614524,128.15867158671585,40.14107883817427
10103,34.5,252.14285714285714,0.0,,0.0,0.0,94.0,0.5,1.0
10105,102.66666666666667,,581.5,0.0,7.75,,69.0,0.0,-3.6666666666666665
10106,,1.0,65.83333333333333,0.0,,,,,
10107,,,18.636363636363637,,27.0,,,2.0,
10110,24.0,486.0,,,,,2.0,,
10111,,1413.0,-11.0,5.666666666666667,0.0,,493.0,,
10112,,408.0,,35.0,,12.0,406.0,24.0,149.66666666666666
10115,,,159.0,,346.0,1084.0,529.0,226.66666666666666,
10118,437.1666666666667,-1.0,33.833333333333336,,623.0,,22.333333333333332,34.5,
10119,450.8,22.0,25.0,0.0,5.1,0.2,1.15,2.6666666666666665,6.545454545454546
10120,638.0,18.0,70.66666666666667,4.833333333333333,0.0,119.5,110.25,0.42857142857142855,
10121,446.41379310344826,448.5483870967742,564.125,9.0,-6.0,0.2,172.0,291.0,23.272727272727273
10122,,1157.0,101.0,0.0,0.0,,39.333333333333336,,
10123,4.0,-0.75,,0.0,,1.5,0.0,0.0,8.0
10128,170.99256505576207,219.49570815450645,210.6564748201439,69.41785714285714,81.10410557184751,94.8258642765685,107.01627218934911,99.85117967332124,37.20842105263158
10151,2.0,,,,,,0.0,0.0,2.0
10152,28.0,27.5,1204.0,,,,,,23.0
10153,,,,,,184.66666666666666,0.0,0.0,
10154,3.0,,602.25,,,359.3333333333333,22.0,21.5,0.0
10155,-8.0,1532.0,35.0,-11.0,,1.0,,0.0,
10158,,1582.0,24.0,,,,,0.0,
10162,14.0,,12.4,0.0,0.0,0.0,39.416666666666664,21.0,0.0
10165,360.75,-2.0,,0.0,983.0,,75.0,0.0,
10166,0.0,,,,0.0,,,,
10167,,,,,,,-10.0,,
10168,792.0,329.0,357.6,-4.0,0.0,0.0,0.0,,16.0
10169,6.055555555555555,1.5833333333333333,12.875,3.2,9.588235294117647,8.307692307692308,22.50980392156863,5.097087378640777,8.202127659574469
10170,96.5,-10.0,,0.0,,9.5,75.0,117.66666666666667,0.0
10171,133.0,,23.0,,39.0,,,,22.0
10172,28.0,0.0,21.666666666666668,,,,143.0,,
10173,47.0,,,0.0,30.0,,15.0,0.0,-4.0
10174,,,429.0,4.0,0.0,,,,95.0
10175,,,,,,,2.0,,
10176,,196.0,99.0,,,,,,
10177,665.5,,64.0,,24.0,0.0,21.0,,28.0
10178,112.33333333333333,,2255.0,,,-1.8333333333333333,0.0,31.0,0.0
10179,,697.8333333333334,,,,0.0,,,
10271,2007.5,0.0,754.0,,,-2.0,-1.3333333333333333,0.0,
10278,313.5,-0.3333333333333333,27.0,14.333333333333334,84.0,54.6,8.333333333333334,16.5,-7.0
10279,21.166666666666668,191.3125,,0.0,-3.0,0.0,11.333333333333334,30.0,205.0
10280,181.1086956521739,75.54166666666667,199.0,18.243243243243242,1.9523809523809523,50.925,37.707317073170735,37.48979591836735,15.153846153846153
10281,337.5,446.6666666666667,646.0,537.3333333333334,20.666666666666668,147.75,57.5,42.857142857142854,0.125
10282,32.86363636363637,171.9,97.13333333333334,46.45,9.278688524590164,78.8076923076923,56.51724137931034,234.33333333333334,31.275862068965516
10301,123.93282636248416,127.97571428571429,177.04388297872342,85.1172932330827,79.10932105868815,103.08241758241758,125.98583569405099,77.1193232413179,32.95454545454545
10302,183.8953068592058,159.92163009404388,362.2382671480144,108.73062730627306,177.94970414201183,88.30515463917526,149.43790849673204,87.61587982832619,24.91509433962264
10303,124.53753753753753,122.40489130434783,175.44321329639888,141.1988950276243,88.85772357723577,96.825,135.72540381791484,62.99815498154982,25.06648936170213
10304,127.57333333333334,137.36757624398075,242.85901639344263,208.32699619771864,128.48519948519947,106.33014354066985,130.8042372881356,104.13955555555556,34.54785020804438
10305,108.40900900900901,85.15184381778742,115.51494252873563,124.25905292479109,114.63230240549828,117.26612903225806,124.17564402810305,106.85030674846625,24.970731707317075
10306,104.10601719197707,110.53751537515375,132.8972222222222,75.31095406360424,103.4501312335958,139.82745098039214,130.0403587443946,116.10461538461539,36.791730474732006
10307,157.0650406504065,139.94642857142858,127.15492957746478,92.84027777777777,42.923469387755105,83.07339449541284,77.05449591280654,116.41046831955923,37.36312849162011
10308,122.63987138263666,103.65527950310559,149.82926829268294,58.608247422680414,98.54885057471265,69.24604569420035,134.7872340425532,120.17376490630323,38.26158038147139
10309,125.34235976789168,132.4622222222222,178.68030690537086,87.05142857142857,88.96450939457202,158.71610169491527,115.6873156342183,127.920049200492,37.89110707803993
10310,110.69573283858998,94.36473429951691,164.59114583333334,202.94985250737463,60.11552346570397,87.81065918653576,101.91678420310296,83.5557251908397,32.27348993288591
10312,103.68080094228505,143.67567567567568,183.75382262996942,82.5994277539342,105.01410105757932,124.97916666666667,105.17727639000806,132.71257142857144,44.53879781420765
10314,103.14964157706093,145.0919080919081,143.89722966934764,91.76638855780692,107.31179775280899,94.9009628610729,99.69325997248968,101.11340206185567,31.05289256198347
10451,158.12011173184356,164.12367864693445,360.13047363717607,120.19809523809523,77.78130959949142,61.96629213483146,73.0510677808728,61.58743909041689,21.8687106918239
10452,187.53164556962025,181.59781818181818,379.70717653221584,126.05826693227091,82.49119665771411,75.4010306863434,72.90948275862068,48.264131812420786,23.282074613284806
10453,212.02230259192285,146.41224234853217,271.588527302813,174.1213559322034,95.36347886347886,52.804260089686096,75.3015332197615,50.17765042979943,20.24087912087912
10454,172.25212464589234,139.84,209.49891540130153,123.5469387755102,86.57529794149512,76.6751644736842,139.94351279788174,57.22092172640819,27.652338811630848
10455,140.05024509803923,149.53934191702433,163.2831541218638,115.02958579881657,102.1195020746888,72.21599496221663,95.24061107574794,69.31534309946029,20.697394789579157
10456,165.10582822085888,170.7763852242744,235.96244855967078,152.81705948372615,90.8153409090909,73.79426694535682,98.88227556724762,88.1955537258131,26.200961538461538
10457,149.93441189331,123.22846441947566,230.09648751586965,143.72289156626505,68.06644518272425,72.93387096774194,82.94268167860798,35.60611724723874,26.184071515644046
10458,197.8401852924146,152.07909604519773,226.69405099150143,158.1437865972674,122.68131868131869,99.05270006506181,110.79304224352148,68.26385994164235,26.421719955898567
10459,202.2261663286004,211.27956989247312,314.7439024390244,187.70917874396136,105.3062368605466,128.9101667563206,129.46208530805688,80.70077334919691,27.28548123980424
10460,173.10878661087867,152.7535037098104,288.16846986089644,156.54624781849913,104.20642701525054,85.46236559139786,99.93203526818516,69.146933560477,23.067217630853996
10461,151.22985074626865,150.59296947271045,197.76287744227352,130.2975517890772,57.11336599020294,143.1278600269179,104.67451952882827,96.90753911806543,28.841130604288498
10462,141.59223300970874,128.8700284090909,175.80581459133296,106.23366336633663,75.2683615819209,74.0307040762308,102.14453125,79.42360728075013,33.509607993850885
10463,155.11078717201167,113.12377049180328,129.23241590214067,91.83520599250936,64.11093990755008,75.67982099267698,100.86198775317946,48.75970762905436,21.348837209302324
10464,156.44166666666666,176.176,73.2,62.461988304093566,72.2530612244898,146.0134529147982,104.0984251968504,81.47101449275362,25.080357142857142
10465,121.70290771175726,120.67605633802818,74.11875,72.90552325581395,86.53986135181975,118.52363090772693,79.98376623376623,77.53256704980843,17.333333333333332
10466,154.08823529411765,160.29853181076672,247.50551314673453,43.17962902700944,23.426376635229694,42.428372739916554,33.07889283599763,15.210282691353942,12.367007748269947
10467,255.67487479131887,173.9810379241517,296.18771186440677,143.53102453102454,112.12787456445993,109.91143808995002,130.78801703163018,84.85579608938548,27.99524015577672
10468,200.08634222919937,143.18032786885246,212.07409155261917,113.83158896289248,88.0,66.08211866146581,90.34356581532417,47.776712328767125,20.82907075873828
10469,163.52755194218608,158.53703703703704,159.23043478260868,165.5496688741722,126.07987220447285,111.08147254073627,109.70122343850612,84.36868406440867,25.35238095238095
10470,164.3909090909091,176.59162303664922,280.56296296296296,109.87468671679198,90.09714285714286,99.77741935483871,116.72645739910314,85.23923444976077,33.98203592814371
10471,71.57894736842105,89.14406779661017,115.20472440944881,70.99079754601227,77.16945606694561,100.5,111.97555012224939,73.95732838589981,26.238235294117647
10472,133.11204268292684,134.49496644295303,258.23979957050824,174.82218309859155,93.20022753128555,72.76809276289484,66.52234084618426,50.89585097375106,19.76995012468828
10473,124.45512143611404,95.59159859976663,139.16777041942606,74.35790725326991,60.439212930428674,67.06732580037665,79.60541586073501,49.82748364069007,20.44136460554371
10474,251.22873900293254,170.96951219512195,275.4927536231884,148.93930635838151,104.60129659643437,79.88595041322314,139.7766990291262,73.03470715835141,34.541561712846345
10475,86.53023255813953,176.0703125,176.69172932330827,111.98076923076923,120.61864406779661,104.8029197080292,135.20812182741116,73.04521276595744,25.676092544987146
11001,153.40384615384616,266.31111111111113,36.7906976744186,27.28,82.71052631578948,224.89411764705883,169.94230769230768,167.4,40.07692307692308
11004,375.34313725490193,525.0322580645161,93.1875,78.99145299145299,174.8512396694215,176.48356807511738,239.87545787545787,179.80058651026394,38.582352941176474
11005,37.0,,33.0,31.0,0.0,81.0,195.75,191.0,0.2
11040,344.9130434782609,347.7142857142857,102.2439024390244,145.82857142857142,183.5185185185185,117.91666666666667,151.9857142857143,142.1159420289855,22.869565217391305
11101,124.87696924231058,119.96719932716569,140.16952573158426,51.19572553430821,62.34090909090909,50.530530530530534,74.21343669250646,64.78772698810269,21.16959511077158
11102,139.5251677852349,86.42718446601941,159.81629392971246,80.20521739130434,72.375,82.923818707811,133.72325102880657,91.00503018108652,18.812585499316004
11103,119.0250284414107,94.17294281729428,120.31077348066299,94.9491833030853,61.022222222222226,103.12571428571428,124.35765222161272,129.9990566037736,31.834492350486787
11104,166.51325757575756,152.05844155844156,123.34828496042216,69.65336658354114,89.84982935153583,125.31637519872814,108.10035842293907,130.1615508885299,29.975471698113207
11105,191.128,132.38860103626942,159.02225519287833,60.62407132243685,70.02022058823529,92.71674491392801,122.40725474031328,116.63888888888889,28.237063778580023
11106,148.66718506998444,113.57940663176265,172.47103658536585,111.24744027303754,67.21128798842257,93.8954128440367,102.72679874869655,112.6544502617801,28.542613636363637
11109,133.16666666666666,75.46666666666667,262.0,-1.7647058823529411,2.824,8.753541076487252,2.303867403314917,13.610328638497652,3.096774193548387
11201,110.61498897869214,166.1378122308355,134.2680591818973,63.97255260750229,46.051862673484294,91.61032575291948,76.73818181818181,69.08104395604396,27.11391304347826
11203,145.26077428780133,179.09704251386322,182.27848101265823,146.744,151.6877269426289,86.18233890214798,105.75732421875,96.83891945972987,28.249844236760126
11204,126.56864406779661,154.3657448706512,121.21301247771837,70.59404888416579,71.47441860465116,120.29241645244215,168.16576086956522,94.7906683480454,34.45922406967538
11205,121.20304568527919,116.44324324324324,164.020979020979,151.9606936416185,102.42397660818713,105.6548523206751,117.51451187335093,104.47122692725299,29.00978260869565
11206,148.10734463276836,128.93654822335026,193.40113394755494,98.70945945945945,54.29287469287469,62.49192897497982,95.28500986193293,67.34484590860787,27.247660979636763
11207,149.69384264538198,150.81886024423338,214.27521929824562,146.38757206918643,123.3686401480111,105.13936736611338,97.61025303976339,76.59790640394088,25.147711184521
11208,169.01906779661016,168.9947169811321,196.748158070998,177.55260906757914,94.3727839003354,95.83438016528926,74.74153748813667,70.43295121300986,22.250977326035965
11209,90.15,79.19548872180451,162.98717948717947,53.83423423423424,74.68341362697866,86.29137115839244,142.27453271028037,120.88744343891403,34.16224899598394
11210,148.5989010989011,159.1280737704918,221.8986828774063,123.46767537826685,99.9581784386617,138.20687645687644,175.64929214929214,131.38251704897706,32.93411552346571
11211,162.08611326609775,123.43001686340641,205.49373040752351,79.76296296296296,74.56274768824306,77.34914904589995,103.4460020768432,70.13870129870129,25.0122878876536
11212,114.60671798460461,170.10294117647058,186.20980091883615,179.24625098658248,137.56090133982948,81.21581099500227,128.74795180722893,91.67330462863293,33.71247021445592
11213,123.42660178426601,131.0152466367713,221.72760115606937,141.50383631713555,114.70900417412045,100.10237892948173,90.6939736346516,82.90556138509969,30.265796703296704
11214,92.40096618357488,95.43587726199843,151.860400829302,91.9481409001957,91.6696795398521,95.90748898678414,122.93177627535341,105.5569547796222,26.04498525073746
11215,158.93700159489634,153.6409227683049,122.02535211267606,118.32835820895522,86.14155251141553,110.7870036101083,146.50574712643677,97.06854256854257,23.47129909365559
11216,125.04029605263158,115.43658088235294,212.33414832925834,120.85792850595784,104.4787552363854,103.11723818350325,122.6902558519325,82.98589164785552,26.589936379410062
11217,156.55010438413362,181.4239802224969,159.44262295081967,82.05317577548006,79.5357833655706,94.57479119210326,120.35802469135803,84.25072886297376,27.438967136150236
11218,135.07980049875312,155.0671206225681,146.89084507042253,78.14464099895942,93.65347334410339,99.99037883343355,119.79873328641801,105.27604512276045,30.22671063478978
11219,128.34285714285716,147.53621495327104,154.6813671444322,93.62721238938053,92.98836081474296,79.21052631578948,113.39542483660131,106.50082918739635,27.114711033274958
11220,129.38179148311306,116.9906976744186,134.98678071539658,93.22455089820359,71.13971631205673,78.0946021146355,110.79050131926121,77.59093391589296,23.720141342756182
11221,130.62037037037038,114.31871955462769,146.56346749226006,133.630128597673,80.5844395280236,76.23827893175074,96.81009957325747,69.54744787922358,21.791924186238155
11222,156.47640449438202,181.22056833558864,187.02286401925392,86.557336621455,59.590429845904296,88.91385767790263,103.68119099491649,64.10634441087613,25.063032367972742
11223,150.88739746457867,111.78310316815598,172.8667820069204,106.04088397790055,108.73333333333333,111.40520191649556,152.92862092862092,123.38385093167702,24.739837398373982
11224,110.06460674157303,131.08579881656806,118.63063063063063,121.9863813229572,102.34662576687117,77.52150537634408,90.4433734939759,60.15951742627346,29.056644880174293
11225,97.97041420118343,131.2679580306699,199.16094986807389,165.17507598784195,92.05010438413362,66.59279086366881,112.64282238442823,78.22540343571056,25.68757126567845
11226,113.20270270270271,122.61134552273793,193.3587528174305,167.55972278842233,92.51539611360239,67.62642533936652,106.5048382637545,93.68432129077517,33.54774700289376
11228,100.52337858220211,134.7605633802817,150.2208480565371,101.12815533980583,70.37771739130434,77.36641929499072,122.38568129330254,146.74646464646466,24.893048128342247
11229,146.74725274725276,151.41826923076923,146.29623287671234,137.49298597194388,140.8412570507655,111.80162601626016,165.24361948955917,125.21736662883087,34.90664272890485
11230,130.24228187919462,139.40120210368144,172.44475721323013,134.82992641046607,128.46245614035087,126.36407249466951,205.49229011993145,134.96890080428955,39.139499620924944
11231,138.1728971962617,148.40037950664137,149.02288732394365,135.36046511627907,128.83084004602992,115.75147928994083,93.14165792235048,98.5430303030303,38.89031339031339
11232,100.59097744360902,92.20502901353966,132.97064220183486,121.89264413518886,88.65490797546012,80.92038600723764,97.18181818181819,80.55078125,22.90566037735849
11233,131.2639318885449,143.08956602031395,234.48654880860877,175.1947935368043,110.12972658522396,83.98062730627306,129.944859276278,88.0121500264131,32.006211180124225
11234,285.07912687585264,220.8205882352941,198.63848631239935,74.565749235474,87.90412698412699,119.22167487684729,161.3605749486653,148.17423442449842,27.381101376720903
11235,135.59474979491387,148.08547888774459,139.66718995290424,155.39417475728155,82.40562248995984,103.14183617372183,156.71191553544494,106.91171277221895,30.99556344276841
11236,120.33798195242002,180.44692737430168,168.0371747211896,159.55329949238578,128.5008517887564,96.40875273522975,92.98461538461538,114.09156378600824,23.55085243974133
11237,172.72888513513513,203.93809024134313,210.77208480565372,96.59531502423263,75.1894167167769,77.48651252408477,80.1940626717977,54.21822033898305,27.260762607626077
11238,147.49916247906197,112.78393135725429,158.2,107.35212765957446,81.13505025125629,85.44783937145351,94.73288915808601,78.93118412895227,26.981208053691276
11239,116.42708333333333,100.90833333333333,137.20359281437126,124.99431818181819,99.9551282051282,90.87649402390439,144.625,103.98787878787878,36.52879581151832
11241,,69.0,18.285714285714285,4.0,77.0,73.0,23.0,47.0,
11242,33.0,24.0,2287.0,,,188.5,,,
11249,121.20037453183521,169.69585253456222,110.84240150093808,99.70142857142856,48.74317492416582,58.989944134078215,75.02440590879897,53.31908621960206,16.215733015494635
11251,,1120.0,1.0,-5.0,14.0,,,,120.0
11354,168.67293233082708,178.1373937677054,181.70857988165682,165.30228471001757,112.05135135135136,185.3015873015873,150.09112709832135,141.41132075471697,32.18500797448166
11355,183.50200803212851,177.0554245283019,218.7285886610374,182.19715808170514,216.72556390977442,132.83970177073624,135.21941747572816,121.83990536277602,22.792626728110598
11356,90.29672131147541,139.86687797147385,107.5424430641822,101.45,77.39090909090909,184.17900552486188,121.28552803129074,173.45719489981786,43.40923076923077
11357,179.7267857142857,192.8517823639775,214.1400778210117,161.88025210084032,123.72876304023845,127.22757847533633,98.85990338164251,165.87733142037303,30.99851851851852
11358,146.38246268656715,179.03284671532847,215.72602739726028,138.58726415094338,103.99563953488372,130.65222929936306,157.0260078023407,160.82737030411448,36.53846153846154
11359,0.0,3622.0,,-0.4117647058823529,85.55555555555556,20.0,0.0,55.333333333333336,23.75
11360,250.64327485380116,191.6015625,276.0894308943089,305.41533546325877,153.34716981132075,168.68,111.35271317829458,142.15548780487805,40.14049586776859
11361,208.0643153526971,195.56639566395663,208.8140703517588,132.8581560283688,85.0139534883721,154.357421875,197.42177914110428,164.4827981651376,40.51002865329513
11362,238.58937198067633,232.2514619883041,204.94054054054055,89.91758241758242,148.39712918660288,218.34848484848484,205.9010989010989,204.4635294117647,55.0
11363,142.30555555555554,350.79411764705884,580.965250965251,85.20481927710843,169.91463414634146,248.35526315789474,189.42142857142858,242.25352112676057,61.854166666666664
11364,225.48910411622276,168.9683908045977,228.55479452054794,133.79715302491104,138.09424083769633,154.70552147239263,147.32295081967214,178.3348909657321,35.53235294117647
11365,183.30922242314648,102.07894736842105,185.68118195956455,97.36328125,84.39212328767124,89.44575163398693,87.41191066997519,132.925,21.557037037037038
11366,148.83365949119374,70.91811846689896,87.82312925170068,29.600461893764436,88.7660485021398,37.53665158371041,38.21036889332004,64.59849435382685,12.492545260915868
11367,205.2824742268041,183.65025906735752,167.98736842105262,134.71470588235294,80.73307543520309,99.12040133779264,153.0015873015873,175.88876013904982,41.03731343283582
11368,147.0050107372942,152.8697962798937,190.9926530612245,57.772267206477736,59.35221536735838,60.41373315949587,86.2905311778291,61.16639072847682,10.688268684957427
11369,167.8671586715867,219.26974951830442,216.65265486725664,195.80707395498393,98.53445065176909,96.73478260869565,118.17647058823529,86.42015209125475,19.53494623655914
11370,130.25233644859813,170.15822784810126,226.24489795918367,40.10958904109589,80.30637254901961,113.63001745200698,80.51231527093596,108.05797101449275,15.757028112449799
11371,76.5,23.5,0.0,175.0,,273.75,,282.3333333333333,
11372,120.6953125,128.79250720461096,113.89032258064516,115.34265734265735,58.15863787375415,94.20637027206371,130.5287474332649,88.59186535764375,16.79022988505747
11373,135.01376811594204,114.969723183391,175.97648787656135,133.59722222222223,58.78657074340528,165.46631087391594,101.9863184079602,97.31442731277534,16.17077922077922
11374,192.15151515151516,163.25465838509317,156.72017045454547,84.22840690978887,75.8655462184874,76.5552099533437,99.31292517006803,119.02742857142857,38.29610829103215
11375,176.96914285714286,134.03015681544028,157.90833333333333,132.32538569424966,95.36075949367088,126.4485738980121,142.42735768903992,136.1445945945946,28.74088669950739
11377,121.19121813031161,133.44724977457167,157.15884476534296,94.0036496350365,69.17346278317152,80.18868921775899,88.29633620689656,81.7774834437086,19.2883631713555
11378,113.22647058823529,130.81652360515022,111.80555555555556,117.06022187004754,116.36781609195403,98.30984643179765,109.70819112627986,132.90277777777777,21.722554890219563
11379,134.95592286501378,190.1962457337884,154.02456140350878,88.8056206088993,84.20731707317073,120.51801242236024,108.28458049886622,143.5143581081081,29.16966966966967
11385,122.44255319148937,104.00682011935208,126.33071230342276,95.22785433070867,76.49075342465754,90.21879911977365,83.89470688673876,90.45214521452145,24.788152216555513
11411,104.65602836879432,220.072,130.99233716475095,51.9025641025641,84.44322344322345,85.69597989949749,104.7185628742515,161.7442218798151,38.06936416184971
11412,157.05828779599273,168.83564356435645,263.37389380530976,154.34794520547945,136.23275862068965,144.34079844206425,131.30584551148226,140.24498327759198,38.80532445923461
11413,200.96038034865293,194.24953445065177,120.6375,95.74509803921569,91.00597609561753,146.76946721311475,109.89423076923077,120.47195512820512,38.19047619047619
11414,152.18274111675126,206.57565789473685,118.74342105263158,92.72372372372372,163.03139013452915,86.90776699029126,93.91798107255521,117.15927189988624,27.957399103139014
11415,104.66995073891626,138.18088737201364,162.26488095238096,113.52962962962962,112.63409961685824,146.4059633027523,183.83480825958702,141.61825726141078,32.50429799426934
11416,136.2751798561151,138.289972899729,107.4133064516129,110.74613003095975,70.56470588235294,116.97218543046358,73.76292559899117,108.07881773399015,18.319888734353267
11417,142.74298375184637,179.28708133971293,205.383877159309,156.64776119402984,118.65507649513212,129.29417382999046,95.34912959381045,86.49269792467332,15.549338758901323
11418,171.33035714285714,149.01497504159732,163.7239819004525,183.92244897959185,144.6961394769614,129.76451259583789,100.51458333333333,118.11629526462396,25.55544041450777
11419,142.98518518518517,151.54594594594596,122.99526066350711,116.34241245136187,73.73217550274224,104.90798722044728,107.80048221820374,83.99604743083005,11.854274611398964
11420,181.84254807692307,230.37650200267024,216.26574307304787,165.16451016635858,120.28050052137644,108.46401028277634,93.39501557632398,99.2198649951784,17.67154973014649
11421,100.05067985166873,148.1874105865522,141.47072599531617,173.32091690544414,135.88200339558574,69.3666169895678,85.53504380475594,86.3569667077682,13.376109765940274
11422,172.65428571428572,161.59136212624585,161.97749196141478,182.1898148148148,141.48333333333332,121.50417362270451,114.20905459387484,134.8310344827586,29.11730769230769
11423,165.28571428571428,196.52272727272728,222.64848484848486,137.25806451612902,127.89648033126294,134.48164464023495,114.63,113.65232163080408,27.763809523809524
11426,213.73399014778326,227.05882352941177,234.3671497584541,128.72727272727272,163.63025210084032,179.05232558139534,145.98611111111111,200.78653530377667,33.46568627450981
11427,145.54380664652567,270.0418410041841,155.8760683760684,53.201581027667984,156.13684210526316,257.9563758389262,181.59125964010283,159.27932960893855,44.91304347826087
11428,212.3754512635379,174.73488372093024,221.65055762081784,117.89204545454545,196.44,192.29950495049505,116.09561752988049,204.76705490848585,33.127946127946124
11429,188.83094555873924,191.2627986348123,121.79615384615384,140.47520661157026,68.81732580037665,109.24373956594324,116.63666666666667,129.9959349593496,21.13968957871397
11430,700.5725806451613,896.1187214611872,640.625,112.36363636363636,110.88235294117646,165.62962962962962,156.36111111111111,357.45238095238096,95.93333333333334
11432,128.16613418530352,195.97639751552796,182.19447779111644,218.77777777777777,122.87931034482759,119.35266084193805,107.18874643874643,127.93027210884354,24.97190517998244
11433,152.7825396825397,154.88087248322148,195.90597014925373,153.60046189376445,80.14265129682997,126.93298520452568,124.65589660743134,99.29545454545455,26.39161554192229
11434,172.941975308642,186.1864406779661,184.51843043995243,151.04405286343612,106.29436769394262,137.57527624309392,132.80306905370844,129.88534675615213,42.04042179261863
11435,137.73010380622839,148.9506172839506,170.86993865030675,98.3046875,114.93006993006993,113.66666666666667,114.73313115996967,101.00975927130774,22.950259067357514
11436,136.38108108108108,179.00925925925927,220.46764705882353,128.59134615384616,154.13013698630138,114.82978723404256,135.3001579778831,101.91529152915291,22.351301115241636
11691,178.26690391459076,144.76256983240222,307.7158403869407,224.29088050314465,190.89930555555554,123.88754045307444,142.32469775474956,139.9893143365984,28.492469879518072
11692,107.80632411067194,138.62121212121212,192.10917030567686,153.3548387096774,251.17117117117118,248.71900826446281,191.3296943231441,138.63611111111112,47.157303370786515
11693,106.2156862745098,147.1203007518797,230.52105263157895,178.5497382198953,56.64658634538153,98.51184834123222,66.51079136690647,49.291954022988506,13.67578125
11694,176.95677233429396,188.95253164556962,169.6351931330472,113.41228070175438,67.13333333333334,55.21979434447301,70.17361111111111,66.89889025893959,13.805
11697,482.75,0.5,18.0,98.17241379310344,114.55555555555556,132.55882352941177,72.31481481481481,105.20833333333333,30.0
